participant,country,endcode,visual_test:1,visual_test:2,visual_test:3,visual_test:4,visual_test:5,political_test:1,choose_a_number:1,spider_test_1:1,spider_test_2:1,spider_opinion:1,spider_opinion:2,spider_opinion:3,spider_opinion:4,spider_opinion:5,spider_opinion:6,spider_opinion:7,spider_opinion:8,spider_opinion:9,spider_opinion:10,bar_test:1,bar_opinion:1,bar_opinion:2,bar_opinion:3,bar_opinion:4,bar_opinion:5,bar_opinion:6,bar_opinion:7,bar_opinion:8,bar_opinion:9,bar_opinion:10,plot_a_test:1,plot_b_test:1,plot_c_test:1,plot_opinion:1,plot_opinion:2,plot_opinion:3,plot_opinion:4,plot_opinion:5,plot_opinion:6,plot_opinion:7,plot_opinion:8,plot_opinion:9,plot_opinion:10,time_visual_test,time_political_test,time_spider_message,time_choose_a_number,time_spider_test_1,time_spider_test_2,time_spider_opinion,time_bar_message,time_bar_test,time_bar_opinion,time_plot_message_a,time_plot_a_test,time_plot_message_b,time_plot_b_test,time_plot_message_c,time_plot_c_test,time_plot_opinion,time_INFOSCREEN,time_start,time_end,time_total_minutes
s.0d5f142e-5f18-4eea-b136-d488078dd549.txt,"IN, India",NEDBpK3T,5,5,5,6,5,1,2,,3,5,5,5,5,3,4,4,4,4,4,3,5,5,5,5,5,5,5,5,5,5,3,6,line 8 in y line 4 in x,5,5,5,5,5,5,5,5,5,5,33834,5388,16715,,,8281,32318,11314,15996,21929,300744,10672,2676,7116,1557,282379,77468,484202,2018-07-11-19-27,2018-07-11-19-41,14
s.f9dcbaa3-442b-4713-bd35-f9cd233d928f.txt,"US, United States",4VGC2FXn,3,2,3,4,5,7,2,,1,2,2,2,4,2,4,3,4,4,2,1,2,2,2,4,2,3,1,5,4,2,2,2,closest to B,4,4,4,4,4,4,4,5,4,4,26285,2275,11819,,,13369,31059,11989,37592,23146,1537,23428,2337,16269,1964,12830,18745,7802,2018-07-11-19-15,2018-07-11-19-19,4
s.e4d5202e-395c-46a1-90ab-418516102c9b.txt,"SG, Singapore",A9FdDWSf,6,5,7,3,4,4,1,3,,4,5,4,5,3,2,4,5,4,5,2,2,4,3,4,5,4,4,3,4,3,2,4,my position fairly neutral.,3,5,4,4,2,5,4,3,4,4,107513,42099,5930,,10312,,76107,5766,5033,36469,4348,25736,17310,5067,3983,53295,38871,20979,2018-07-11-19-09,2018-07-11-19-17,8
s.5de4b0c9-b8fb-4e7c-8933-a0041bb605d2.txt,"US, United States",xn5L5LMG,5,5,5,5,5,7,2,,2,1,1,1,3,2,1,1,5,1,1,2,1,4,4,4,4,4,4,4,4,4,3,3,nearly equal distance from each political party,4,4,4,4,4,4,4,4,5,4,32697,7535,15192,,,35153,412732,17867,12898,29223,8400,8364,7226,10139,5041,31941,26484,16310,2018-07-11-19-27,2018-07-11-19-38,11
s.300c2cf7-19d9-4bd6-a23e-390f0bc7faf2.txt,"US, United States",JqKVvdsL,7,7,7,7,7,7,2,,2,1,2,2,1,1,2,2,4,2,2,2,1,1,1,1,1,3,4,2,2,4,2,2,"2,2",4,4,4,3,3,4,4,2,4,4,17927,3408,12829,,,25041,33866,8622,36794,27533,1572,32291,1839,15807,1545,23040,24490,6474,2018-07-11-19-19,2018-07-11-19-24,5
s.8016af1a-87b1-4be5-a585-24b4e5cf2dee.txt,"IN, India",Fhx3Zr5M,7,6,5,6,4,3,1,3,,4,5,4,4,4,3,4,5,4,4,1,4,5,5,4,4,3,5,4,4,5,1,5,i'm third one to forward,4,5,5,4,4,5,5,4,5,4,71456,8559,2423,,10009,,31834,2548,9096,34423,2597,25977,6770,6937,2550,31680,25183,44823,2018-07-11-20-07,2018-07-11-20-12,5
s.2c04d814-9246-48e7-bb02-4306ef8462a7.txt,"US, United States",DDGH2wYB,5,3,3,5,4,5,1,3,,4,2,2,2,3,2,2,4,2,2,3,4,4,4,3,2,4,4,2,4,4,3,6,on the right,2,2,2,2,4,2,2,5,2,3,19284,3042,6157,,16340,,24837,4435,13811,22523,5909,8359,2541,8485,1614,9587,21287,6769,2018-07-11-19-17,2018-07-11-19-20,3
s.afa8f751-e5f0-4979-b1c6-ba01679da21d.txt,"US, United States",PZL8fRLH,5,5,6,5,5,7,1,2,,4,3,3,4,3,4,3,3,3,3,2,2,2,2,3,3,3,2,3,3,3,3,3,Upper right,2,2,2,2,2,2,2,2,2,2,10239,3182,4323,,13196,,24416,2958,27683,16683,1476,7156,1165,9743,1108,16813,11072,5304,2018-07-11-19-06,2018-07-11-19-09,3
s.cb1cd8f6-b7a1-44da-a0ed-eed9fe9adb8b.txt,"US, United States",4h2XM4kw,7,6,6,7,7,4,1,2,,3,2,1,2,2,2,2,4,2,2,1,2,4,4,4,4,4,5,2,4,4,1,5,more central,2,2,2,2,2,3,3,4,2,3,22533,6652,18461,,34310,,28654,5493,29823,20026,9906,16858,7059,21373,2600,14088,24914,7824,2018-07-11-19-07,2018-07-11-19-12,5
s.e1ed8e5b-7bc0-408f-b64a-ff9238329118.txt,"US, United States",S2yfXY5u,7,6,7,6,6,7,2,,3,4,5,5,4,4,5,5,4,4,5,2,4,5,5,5,4,4,5,5,4,4,1,6,"2 points from b vertically, -1 point from y horizontally",4,5,5,4,4,5,5,4,4,4,6292,2010,8979,,,6678,9640,1414,4881,9015,1331,11675,1590,8809,1644,38381,24523,3184,2018-07-11-19-25,2018-07-11-19-27,2
s.4cff4dca-8af1-4a0c-b1cf-c4e8c1b9b102.txt,"IN, India",Zc7pb9fq,6,5,6,5,5,6,1,1,,4,5,4,5,4,5,4,5,4,5,3,4,5,4,3,5,4,3,5,4,3,2,2,D,4,5,3,4,5,4,5,4,5,4,15708,13913,30824,,7615,,26326,4552,3777,25438,22404,3880,1529,20667,2027,46779,17831,12184,2018-07-11-19-17,2018-07-11-19-21,4
s.1d96ff60-3ebc-4eca-9a84-eef3be68670d.txt,"SG, Singapore",xC4dETcp,6,4,6,3,4,3,2,,3,3,4,4,4,3,4,4,2,3,4,3,4,5,4,4,4,4,5,2,4,4,3,6,two points away in the positive side of X and Y axis from the origin,4,4,4,4,3,4,5,3,4,4,63551,8391,51522,,,30304,58823,21263,35446,46083,15285,39231,21506,15304,11338,129495,36608,41861,2018-07-11-19-21,2018-07-11-19-31,10
s.25a42428-c79a-4f4c-8f59-9cac0258ad0f.txt,"IN, India",nS2Se3Jn,6,6,7,7,7,5,1,3,,4,2,1,1,2,4,1,5,3,5,2,4,4,3,4,3,2,1,1,3,4,3,5,Below the B party ,4,4,4,4,3,3,3,4,4,3,22470,5902,23410,,14935,,51878,2036,20605,36309,11688,31108,1870,19430,993,39198,30400,10671,2018-07-11-19-10,2018-07-11-19-15,5
s.4f5aab09-24bd-4508-bc81-8884b9c88ef9.txt,"CA, Canada",2sNkX74Q,6,5,6,5,7,6,2,,3,3,4,4,4,4,4,4,2,4,4,3,1,1,1,1,1,1,1,5,1,1,3,1,My position is in the middle of the other 6.,3,4,4,4,4,4,5,2,4,4,45750,3962,12039,,,13855,30353,11989,21137,20880,10899,11394,5475,11659,3976,29424,22155,9583,2018-07-11-19-24,2018-07-11-19-29,5
s.9684c204-b1d4-451c-8e3e-1031f5b5a124.txt,"US, United States",nOfT5qZ6,6,5,6,5,5,7,2,,2,2,2,2,2,2,2,2,4,2,2,2,1,2,2,2,2,2,2,4,2,2,1,5,"y2,x2",2,4,4,4,4,4,4,2,4,4,13968,2798,7199,,,17970,20968,6444,27791,15737,4147,13674,5028,17566,2787,37345,17123,5283,2018-07-11-19-11,2018-07-11-19-14,3
s.d33a427a-2db7-4172-b483-0f8e182f8c5e.txt,"US, United States",aeHJMCjy,7,7,7,7,7,6,2,,1,4,4,4,4,4,4,4,1,4,4,2,4,4,4,4,4,4,4,1,4,4,2,2,My position is closest to B.,4,4,4,4,4,4,4,1,4,4,26587,5064,14777,,,18852,30067,7697,26435,20608,8698,28903,8279,31388,5108,21580,18516,16969,2018-07-11-19-20,2018-07-11-19-25,5
s.3d90f382-0cc5-4195-ae7e-90acd7189636.txt,"IN, India",aTxX3eSg,6,4,4,4,4,2,1,2,,5,4,4,4,5,5,5,4,4,5,2,4,5,5,5,5,4,4,4,3,4,1,5,nearest to B,4,3,4,5,5,4,4,4,4,3,43941,6619,18862,,17407,,40945,16436,26286,27108,17379,59321,10739,35376,10388,37045,33361,25457,2018-07-11-19-06,2018-07-11-19-13,7
s.64fce1c1-8ba7-4b1f-9bf3-ccaecc592585.txt,"US, United States",PMEX6usc,4,2,5,3,2,6,1,2,,2,3,5,2,3,3,4,3,3,3,3,1,4,4,3,3,4,4,3,3,4,3,5,my position is the nearest near plot A and B between y-axis and x-axis line graph ,3,5,4,3,4,4,4,4,3,5,14788,3385,7572,,14741,,43014,9970,17902,28002,6998,24307,8357,34610,3410,72592,17383,7307,2018-07-11-20-22,2018-07-11-20-27,5
s.1835a8d7-645a-426a-9caa-3776914c6105.txt,"US, United States",8ay83Muz,5,5,5,5,2,5,2,,3,3,4,4,5,4,4,4,2,4,4,2,4,4,5,4,4,4,4,2,4,4,1,2,B,4,4,5,4,4,4,4,2,4,4,10159,3818,11258,,,52800,25931,18165,2623,12909,1161,5510,1147,4956,2674,3894,12981,2193,2018-07-11-19-15,2018-07-11-19-18,3
s.cf66fb78-bdc8-4225-86bd-2c09709ac6f8.txt,"US, United States",CXjkzZP6,6,6,6,4,7,5,2,,3,4,2,2,1,1,1,4,5,1,1,3,2,4,3,1,1,4,4,5,1,4,2,2,Positive on both axis ,2,1,1,1,1,1,4,5,1,2,24747,3378,12051,,,18897,32578,4055,10873,48603,7243,6268,4132,4373,2601,19075,32313,7807,2018-07-11-19-50,2018-07-11-19-54,4
s.0fb59e6b-2f93-4ba5-89dd-99bed0e1082c.txt,"US, United States",RZJEfxk2,6,5,5,5,6,2,1,2,,4,2,3,2,2,2,2,2,2,2,1,3,3,2,4,4,3,2,3,4,3,3,5,close to B,4,4,4,3,2,4,4,3,4,2,17288,4308,1534,,5858,,22023,4208,4910,34242,10082,9682,1170,7349,10857,8103,18308,4517,2018-07-11-19-15,2018-07-11-19-18,3
s.b4e736fa-6d15-476d-8357-ed3c03f967c5.txt,"IN, India",3YeZzAdj,5,6,6,6,6,7,1,3,,5,4,4,5,5,4,5,5,4,4,2,5,5,4,5,5,4,4,5,5,4,3,5,don't know,4,4,5,5,4,4,5,4,5,4,11996,4785,2950,,12144,,17962,1464,7632,11332,1783,12304,1436,10494,1602,40144,18176,14330,2018-07-11-19-16,2018-07-11-19-19,3
s.46279b76-afc1-49aa-b5d2-7a86eb8366f6.txt,"US, United States",9DKqSEqW,6,6,5,6,5,4,1,2,,2,3,2,4,3,2,2,1,4,4,2,2,2,2,3,2,3,3,1,3,2,3,3,"On the positive side of both the x and y axes, not quite to point B, and well away from points A, C and D.",4,3,3,4,3,3,4,1,4,4,22231,4185,33860,,31725,,22635,5479,22198,31852,8602,40499,6072,19106,2138,151435,27002,9882,2018-07-11-19-17,2018-07-11-19-24,7
s.1af11587-cda8-407f-b9a1-aa0a0ce43139.txt,"IN, India",dn2e2mUV,7,6,6,6,6,6,2,,2,3,3,2,4,4,3,2,2,3,3,2,4,4,4,4,4,4,4,4,4,4,2,4,b,4,4,4,4,3,4,4,3,4,4,35067,9422,53733,,,18804,61910,3855,6055,16072,1649,13121,2041,29672,4093,14363,17892,15858,2018-07-11-19-07,2018-07-11-19-12,5
s.f08a269d-502b-4abe-a1db-27d7487c655b.txt,"US, United States",jqcvyRPw,5,3,5,3,4,3,2,,3,2,2,2,2,2,2,2,3,2,2,2,4,4,4,4,4,4,4,2,4,4,1,5,Near to half of the peoples views,4,4,4,4,4,4,4,2,4,4,9921,3081,3316,,,8741,16685,2421,11349,19474,3297,14216,4506,8729,2443,68729,15794,5095,2018-07-11-20-15,2018-07-11-20-18,3
s.8c92093b-673d-443c-84ab-a0775380057d.txt,"US, United States",NeySumaY,6,6,6,6,6,3,1,2,,4,2,2,2,2,4,2,2,4,2,2,2,4,4,4,4,4,4,2,4,5,3,3,Closest to B.,2,2,2,2,2,2,2,2,2,2,8359,1175,3570,,13436,,18278,2302,24912,14503,1276,18542,,7209,366,6509,13105,489462,2018-07-11-19-45,2018-07-11-19-48,3
s.6d0f3972-4d82-4c0c-9701-cbdb2eec3cff.txt,"US, United States",e45faLn9,3,2,5,4,4,2,1,2,,2,2,2,2,2,2,2,4,2,2,2,3,4,4,4,4,4,4,3,3,3,2,2,closer to A,2,2,2,2,2,2,2,4,2,2,34908,6884,10059,,51999,,30616,5752,19392,36564,3893,13872,5241,14766,5330,146401,27488,7291,2018-07-11-19-06,2018-07-11-19-13,7
s.02200317-42fc-4d14-87a4-19c7b71af248.txt,"US, United States",fRfhWFXK,7,5,7,7,7,7,2,,2,4,4,4,3,4,4,4,2,4,4,3,4,5,5,4,5,5,5,2,5,5,2,2,"I am located at (2,2).",4,4,4,4,5,4,3,2,4,4,18840,4497,14078,,,37707,39911,5846,15584,20643,6245,45990,3027,15867,3860,51916,18621,10544,2018-07-11-19-08,2018-07-11-19-13,5
s.aa64ebb7-1531-45cc-b5c0-6113c4f77b05.txt,"IN, India",zzOhRweJ,6,6,6,6,7,7,2,,2,5,5,4,4,4,5,5,5,5,5,1,5,4,4,4,4,3,4,4,4,4,3,5,near b,5,5,4,4,4,4,4,4,4,4,116109,66769,5257,,,11661,33392,22046,7804,26635,12403,10823,2904,17590,2718,15344,12362,5281,2018-07-11-19-11,2018-07-11-19-17,6
s.31e33203-a017-481f-bf61-1709cb138180.txt,"US, United States",wjvQsrrQ,6,7,5,6,6,2,2,,2,2,3,3,4,4,4,4,2,4,4,2,2,4,4,4,4,2,3,2,4,3,2,5,I am moderately for X and Y.,4,5,4,4,4,4,5,2,4,4,15086,2954,9893,,,8132,23786,4755,13423,23729,5231,21094,3182,20889,1184,19403,19877,2983,2018-07-11-20-24,2018-07-11-20-27,3
s.49f1e086-031d-4a6a-8efd-4e62f7f2230e.txt,"SG, Singapore",TGcvpTwc,6,5,5,6,6,5,2,,3,4,4,4,4,4,4,4,4,4,4,2,4,4,4,4,4,4,4,4,4,4,2,2,somewhat close ,4,4,4,4,4,4,4,4,4,4,67140,8367,17102,,,23687,28166,3300,30202,12760,13597,48092,7357,75289,8839,69436,15631,18213,2018-07-11-19-09,2018-07-11-19-16,7
s.4383787d-c01d-46b4-a1f2-9e681b4094fa.txt,"IN, India",BP5W4LtK,4,3,4,4,4,3,2,,2,3,4,4,4,3,4,4,2,3,3,1,4,3,4,4,3,4,4,4,3,3,1,1,I am on to the positive side on both x and y axis,4,3,4,4,4,4,3,5,4,4,20468,4989,9079,,,23038,35263,12250,88544,33795,16114,41098,5590,14153,2623,113083,28676,4257,2018-07-11-19-33,2018-07-11-19-41,8
s.f23d255f-dee5-4bda-aec5-23c03d573956.txt,"US, United States",nGMqkMKN,2,3,4,3,4,5,1,2,,5,5,4,5,5,3,3,5,3,3,3,5,4,5,5,5,4,4,5,3,3,1,2,Somewhere in the middle,1,3,2,2,2,3,2,3,3,2,7637,2601,46980,,4342,,29193,1391,6792,6575,1392,9230,1060,7239,2133,6185,5713,5841,2018-07-11-19-07,2018-07-11-19-10,3
s.7feeebfe-c285-4988-8979-614fa6dd3e00.txt,"US, United States",8kQ6yVKj,3,3,3,4,4,2,2,,2,4,2,2,3,3,2,3,5,3,4,2,4,2,2,4,3,4,4,4,4,4,3,3,closest to point B,2,4,2,4,3,4,2,5,4,3,36696,5237,12785,,,19601,38396,5683,36108,24954,11479,18598,4007,28275,3468,16050,30452,18212,2018-07-11-19-06,2018-07-11-19-11,5
s.16aca654-41b9-462e-8704-b91ca01aa551.txt,"IN, India",JLD3c7ys,6,2,7,6,6,7,1,3,,4,2,2,3,2,4,4,4,2,4,1,5,4,4,4,5,4,4,2,4,4,2,2,I am closest to party B and farhtest to party D,5,5,5,5,5,5,5,1,4,5,30626,68692,10818,,79026,,63944,4054,51256,24628,6926,35284,3134,41108,2448,65682,24904,4670,2018-07-11-19-48,2018-07-11-19-57,9
s.8dbaa267-5263-4658-9d7e-cdc67a354ade.txt,"IN, India",BGZdKfCL,5,4,6,5,6,5,1,2,,4,5,4,5,4,5,5,4,4,4,2,4,5,4,4,5,4,5,4,4,5,3,3,+,5,3,4,4,4,5,4,5,5,4,14335,3975,7506,,9789,,18312,2272,21140,20769,1609,25802,1698,33166,5013,23132,19900,8615,2018-07-11-19-08,2018-07-11-19-12,4
s.89bb8f74-d463-438c-89a8-b9a35b75ba5f.txt,"US, United States",r2P88Wes,6,5,7,5,4,7,2,,3,2,1,2,2,1,2,1,5,1,2,2,3,2,2,2,2,3,4,4,2,3,3,6,Closest to B,4,4,4,3,4,4,5,2,4,4,23822,2950,30198,,,17993,25672,6889,8290,21312,7100,9035,4428,8646,2612,11463,19277,6196,2018-07-11-19-23,2018-07-11-19-26,3
s.de09dc5b-f545-4801-a476-3da5d40e7c0c.txt,"US, United States",bMRTZctd,5,3,5,3,3,7,1,1,,4,3,2,3,3,2,3,4,2,2,2,2,3,4,3,2,3,4,3,2,3,1,5,right of center,2,3,1,2,2,3,2,4,2,3,12879,3643,5596,,16266,,29603,4745,7153,19615,3010,11244,3391,16602,29231,15651,25345,7415,2018-07-11-19-13,2018-07-11-19-16,3
s.65d5fcd1-e874-45cc-a238-0d5f0458d563.txt,"US, United States",Ss7xe6Qr,6,5,6,5,5,7,2,,2,4,2,2,4,2,2,2,4,1,4,2,4,4,4,2,2,2,2,2,2,4,1,5,near center of top right,4,2,4,2,1,2,4,5,1,4,17851,5332,9554,,,12042,33017,5191,16444,22831,7846,16884,4477,7019,6241,23742,28153,5200,2018-07-11-19-17,2018-07-11-19-21,4
s.b2e84ce7-b6a5-44ed-bbbf-2822b53ed4ff.txt,"IN, India",w2nFP3am,7,7,7,7,6,6,2,,3,4,5,5,4,3,4,4,5,5,5,3,4,5,5,5,4,5,4,5,4,4,3,3,B,4,5,5,5,3,4,5,5,5,4,9493,4654,11688,,,8238,20151,39388,12895,21369,2551,9659,1794,19573,2411,11584,19438,7874,2018-07-11-19-06,2018-07-11-19-10,4
s.32b72a20-0cbe-47b5-a352-5234d05faf65.txt,"IN, India",YAucB7M2,6,6,6,5,7,7,2,,3,4,3,4,3,3,4,3,4,2,3,2,4,2,3,2,2,4,4,4,2,2,2,3,"My Position is at X2,Y2",4,4,4,4,4,4,4,4,3,4,51584,4410,17953,,,119636,53718,16694,64179,37048,12943,40073,5453,73378,21757,79058,22147,40679,2018-07-11-19-09,2018-07-11-19-19,10
s.bea07004-884c-4afb-90dd-ecba4d32a41b.txt,"US, United States",DJRdLDOK,5,2,3,3,3,3,2,,2,1,1,1,1,2,1,2,2,1,2,2,1,1,1,2,1,1,1,1,1,1,1,1,it is between x and y,4,5,4,5,5,5,5,1,5,5,17304,3869,2700,,,16035,16897,1665,10226,17264,1450,11606,1572,6345,2474,52462,9257,11076,2018-07-11-19-09,2018-07-11-19-12,3
s.3874348b-76a4-438c-a737-5649a3fd572f.txt,"US, United States",2x2gg6YU,6,5,3,5,6,7,1,1,,2,2,2,3,3,1,2,3,2,3,2,3,4,4,4,3,4,5,2,4,4,3,2,closest to D middle of the road,4,4,4,4,4,4,4,4,4,5,22424,4063,29509,,18446,,60538,9911,19902,31986,11807,25814,8573,25876,4505,55175,18769,6216,2018-07-11-19-36,2018-07-11-19-42,6
s.ae44335f-d0fd-418c-a24b-29b1ae459808.txt,"US, United States",PDUePUnH,6,5,3,3,4,7,1,2,,4,1,3,4,1,4,4,5,1,3,2,4,3,4,4,3,4,5,4,3,4,3,3,In the upper right quadrant in between the origin and point B,4,4,4,4,4,4,4,4,2,3,12345,1886,16757,,23099,,23843,7334,11390,19885,6456,8151,4235,6179,3413,44217,16722,2538,2018-07-11-19-35,2018-07-11-19-39,4
s.f522c538-dcc8-4c41-b178-53632e83d392.txt,"US, United States",3UYaWJkJ,6,5,6,5,5,6,1,3,,4,4,4,2,4,2,2,4,2,4,1,4,4,4,4,4,2,4,2,2,2,3,6,"2,2",4,4,4,2,4,2,2,2,4,2,7863,3190,3097,,5888,,13916,974,3730,8181,1434,5033,680,8666,1298,10926,9604,21927,2018-07-11-20-19,2018-07-11-20-21,2
s.211021d5-572c-44ee-8f2c-215ceceb4b00.txt,"US, United States",OaTyt46q,5,5,5,5,6,6,1,2,,4,3,3,3,3,3,3,3,3,3,1,5,5,5,5,5,5,5,5,5,5,3,5,I am two points away from B,4,4,4,4,4,4,4,4,4,4,11175,2257,5064,,8703,,15842,1602,5956,6571,1724,11645,1994,16734,1052,17717,10099,4767,2018-07-11-19-07,2018-07-11-19-09,2
s.d204be3d-cbca-4fd6-a7c9-905a49de6077.txt,"US, United States",tFYQLfY8,4,3,4,3,2,7,2,,3,2,1,1,2,2,3,2,4,2,1,2,3,4,2,2,3,4,3,2,4,3,3,3,I am 2 bars down and one over from B,4,4,3,4,5,4,3,2,4,5,10363,3220,1576,,,8605,20819,4521,18826,21033,2325,8605,2747,5883,1038,19430,17566,3064,2018-07-11-19-08,2018-07-11-19-10,2
s.304640e7-08a3-4755-a832-a9260c45f3ec.txt,"US, United States",Y2YdJhJK,6,6,6,6,6,6,1,2,,2,2,2,1,1,2,2,3,2,2,3,1,2,2,2,2,2,2,3,3,3,2,2,"Very similar to B, pretty dissimilar to A, D, and C.",3,3,3,2,2,3,3,4,2,3,52784,4002,10908,,15494,,49055,19911,30148,24497,4001,24110,7923,29878,3114,54939,51895,28836,2018-07-11-19-30,2018-07-11-19-37,7
s.90dfa5ae-f222-4308-a7f2-cfdf552da95f.txt,"US, United States",2EZRASUH,7,7,7,6,6,6,2,,2,4,3,4,4,4,3,4,2,4,4,2,3,5,5,5,5,5,5,1,5,5,3,6,"I am at (2, 2) on the coordinate plane",3,4,3,4,3,3,2,4,3,3,12580,3714,9786,,,37360,23504,2123,26151,19538,1502,11664,1195,7977,987,24459,20839,3483,2018-07-11-20-15,2018-07-11-20-18,3
s.104e53c9-c187-40a7-a152-afba1f467fcd.txt,"US, United States",hua2eUFV,6,7,6,6,6,4,1,2,,5,4,4,5,4,4,5,3,4,4,1,4,4,5,4,4,5,5,3,4,4,3,2,I am 2 Y and 2 X and closest to the B.,4,2,2,3,2,2,4,5,2,2,6581,126811,1301,,14545,,21134,2507,9915,16860,1210,5288,1115,5538,1874,32148,28055,2895,2018-07-11-19-29,2018-07-11-19-34,5
s.e83f1118-ab2d-46a5-8a30-a19d4ae66e29.txt,"US, United States",n5yaXPdU,6,6,6,5,6,5,2,,1,5,2,1,3,1,4,2,5,3,2,3,2,4,4,4,4,5,5,1,5,5,2,2,"I am in the upper right quadrant, one unit to the left and two units down from B.",4,2,2,2,1,2,4,5,1,3,22125,4361,8019,,,20737,40337,4712,24731,22770,4775,25326,3486,23484,2524,35780,25697,5456,2018-07-11-19-11,2018-07-11-19-15,4
s.477cece0-e47e-4da8-8db8-22ae8879f2bd.txt,"US, United States",DKrMrCL5,3,1,3,3,1,5,2,,3,2,4,4,2,2,4,4,2,4,3,2,2,4,4,4,2,4,4,2,4,4,3,3,I'm in the middle on the Y axis,1,2,2,2,1,2,2,4,2,2,26656,4265,11349,,,15720,42996,9200,31005,30372,8681,16402,5759,11834,6266,64852,24988,29322,2018-07-11-19-08,2018-07-11-19-14,6
s.8db95fc7-6b9a-40df-9e32-9c7a5a376f9b.txt,"IN, India",MVZQGmsL,6,6,6,6,6,6,1,2,,4,4,4,5,4,4,5,4,5,4,2,4,4,5,4,4,5,4,5,4,5,1,2,CLOSET TO B,4,4,4,5,4,4,5,4,4,4,10666,2972,108551,,22103,,13881,5906,29060,12180,8703,17602,6198,10437,38049,18087,10823,6646,2018-07-11-19-12,2018-07-11-19-17,5
s.e1294a62-a563-488d-9394-6d2d647c2d0b.txt,"SG, Singapore",y74nvsLV,6,6,4,6,6,4,2,,1,4,4,4,4,4,4,4,4,4,4,2,4,4,4,4,4,4,4,4,4,4,3,3,simiar d,4,4,4,4,4,4,4,4,4,4,21972,11650,16403,,,25388,30989,23261,89200,23550,9449,43509,5656,34805,12137,42177,14598,9599,2018-07-11-19-40,2018-07-11-19-47,7
s.b498bcc4-2ff8-46ca-841b-096c5ac70512.txt,"IN, India",n8XDpKVZ,7,6,7,6,6,7,1,3,,4,5,5,5,4,5,5,5,4,4,2,4,5,5,5,4,5,5,5,4,4,3,3,B,3,5,5,5,4,5,5,4,4,5,11308,2894,2678,,5823,,20956,1388,5002,28161,1239,3865,1169,3906,1719,14384,21620,3966,2018-07-11-19-11,2018-07-11-19-13,2
s.b44f2922-24d7-4366-b4b4-fb6d257522c7.txt,"IN, India",j9nmXtKY,7,6,5,6,6,4,1,2,,3,4,5,4,3,4,4,3,4,4,2,3,4,4,4,3,4,4,3,4,4,2,5,C,4,4,4,4,3,4,4,3,4,4,38974,11803,30143,,13225,,62356,13643,32588,128779,5186,19332,1539,12311,2035,13840,22574,17468,2018-07-11-19-06,2018-07-11-19-13,7
s.b62f5004-35c0-411c-8166-b3a0e97831e5.txt,"US, United States",87qpYxb3,5,5,5,5,5,2,2,,2,4,3,4,3,4,3,4,3,3,3,2,3,4,3,4,3,4,4,3,3,3,2,3,close to the middle ,4,4,3,3,4,3,3,2,3,3,6877,3513,2136,,,4748,15046,1323,2707,14452,1079,3299,1248,3210,1011,7754,9346,5439,2018-07-11-20-42,2018-07-11-20-44,2
s.31fb31d0-c8e3-40f4-a268-660dc0a20d2e.txt,"US, United States",wuNW86Ax,6,5,5,6,7,6,1,1,,2,3,2,3,4,3,2,1,3,2,1,2,4,3,2,5,3,4,2,3,4,2,2,"Fairly centrist in both ways, not in an extreme position.",3,4,3,4,5,3,4,2,3,4,36103,5227,13884,,21018,,42433,6452,31366,27689,6624,39246,5247,22916,4030,57702,34201,46497,2018-07-11-19-07,2018-07-11-19-13,6
s.18c1f3a1-a6ea-44e3-b458-f1d0502d09f5.txt,"IN, India",LNEFkpzz,2,5,3,5,6,1,1,3,,2,2,1,2,4,2,2,4,2,2,2,2,2,4,4,2,4,4,2,4,4,1,5,Two blocks below B,2,2,1,2,2,4,2,2,2,1,57836,17798,17683,,33854,,34875,19544,28573,23247,15733,34421,3628,16027,3081,40885,32424,10928,2018-07-11-19-10,2018-07-11-19-16,6
s.48870488-b277-4305-9d9f-4bc3a2f042a3.txt,"IN, India",fs5dZO43,7,7,6,7,7,6,2,,2,4,2,2,2,2,1,2,5,2,2,2,4,4,4,1,2,4,4,4,2,4,1,5,"(2, 2)",4,2,2,2,4,4,2,5,2,4,77080,5196,14325,,,65959,77087,13834,101406,45610,2470,43530,9502,46623,13546,41231,94052,56999,2018-07-11-19-08,2018-07-11-19-19,11
s.1ff3a91b-6984-426c-a4a3-dcb86564e6f2.txt,"US, United States",EWKG9sJw,6,5,3,5,2,6,1,2,,5,4,5,5,4,3,3,4,5,4,1,4,2,5,4,3,2,4,5,5,4,2,1,b is close ,5,4,5,5,3,3,4,2,4,5,15290,3003,1759,,6067,,17845,1733,3957,109437,1609,6764,3646,3608,1801,18920,30517,3717,2018-07-11-19-06,2018-07-11-19-10,4
s.5c5aa63e-91c8-4239-bfb5-1825c51d4a5b.txt,"US, United States",VHyg5YCL,5,5,5,4,5,5,2,,1,2,2,2,4,2,3,2,4,3,3,2,4,4,3,4,4,4,4,2,4,3,2,2,2 points above x and 2 points right of y,4,2,2,4,2,4,3,5,1,2,23897,5966,14054,,,18924,37844,6853,24490,30311,7084,23042,4481,16581,5630,51332,46394,12747,2018-07-11-19-08,2018-07-11-19-13,5
s.b1b935f1-ad31-4775-bbc4-895d9de4bc3e.txt,"US, United States",eSpKnnEm,6,3,7,4,7,5,2,,3,4,1,1,3,3,2,2,5,1,2,2,2,1,1,1,1,1,1,3,2,1,2,6,Closest to B,3,2,3,2,2,2,3,3,2,3,21711,4224,38297,,,13378,29335,5258,36861,16983,5115,8928,2804,29313,4432,13974,25968,9075,2018-07-11-19-46,2018-07-11-19-50,4
s.3d003869-059c-40e7-8844-3ae49878a140.txt,"IN, India",xamgAMZY,5,4,5,5,5,5,1,2,,4,5,5,4,4,3,4,4,5,4,2,5,4,5,4,4,3,4,5,4,4,2,2,Some what closer,4,5,5,4,4,5,4,5,3,4,43785,3861,4253,,14054,,81540,16374,9578,17142,3115,6083,3425,5857,4405,106011,14656,24680,2018-07-11-19-20,2018-07-11-19-26,6
s.3543ccf8-fa2c-4909-ad1f-ab7027408071.txt,"US, United States",dpMyOBJK,6,5,6,5,4,1,2,,1,4,2,2,2,2,3,2,5,2,2,3,4,4,3,3,3,4,3,4,4,2,3,2,more in line with B but not the same,4,4,4,4,4,4,5,4,4,4,10533,2953,7055,,,19171,23865,6974,35848,27160,5484,14193,6904,17577,5676,65666,15393,4878,2018-07-11-19-14,2018-07-11-19-19,5
s.8d16098a-6e43-41b2-9443-8bb5096e2387.txt,"US, United States",5qFuDtkL,6,2,5,6,6,6,1,2,,2,2,2,2,1,4,2,4,4,2,2,4,4,4,4,4,5,4,2,4,4,3,2,"2,2",2,4,4,4,4,4,5,4,4,4,66322,3631,24775,,22140,,69201,15306,37561,20121,3791,34477,1611,22903,2238,12189,19141,5159,2018-07-11-19-06,2018-07-11-19-12,6
s.c47f6b12-6039-473a-b17f-5089368a3c2c.txt,"US, United States",WC5wOBJO,6,5,6,6,6,6,1,1,,2,2,1,2,1,1,1,5,2,1,2,4,5,4,4,4,4,4,2,4,4,3,3,"I am somewhat close to B, and I'm somewhat far away from A and D and quite far away from C.",3,4,4,4,3,4,3,2,3,3,18300,3756,17110,,30331,,32358,8110,39678,24988,7209,19872,4110,13271,6785,53559,28552,3115,2018-07-11-19-06,2018-07-11-19-11,5
